unida,0.8
apoyamos,0.8
mutuamente,0.8
cuidamos,1.0
apoyo,1.0
unida,0.19999999999999996
apoyamos,0.19999999999999996
